{"cameraMode":{"drawMode":0,"name":"Shaded","section":"Shading Mode"},"sceneLighting":true,"audioPlay":false,"sceneViewState":{"m_AlwaysRefresh":false,"showFog":true,"showSkybox":true,"showFlares":true,"showImageEffects":true,"showParticleSystems":true,"showVisualEffectGraphs":true,"m_FxEnabled":true},"in2DMode":false,"pivot":{"x":0.27237141132354739,"y":1.3712180852890015,"z":-0.08994551748037338},"rotation":{"x":-0.07844633609056473,"y":-0.17787528038024903,"z":0.014225524850189686,"w":-0.9808233380317688},"size":1.6202908754348755,"orthographic":false}